OU;Prenom;Nom;SamAccountName;MemberOf
The_Fifth_Element;Leeloo;Ekbat De Sebat;lekbat;Domain Admins
The_Fifth_Element;Korben;Dallas;kdallas;Domain Admins
The_Fifth_Element;Ruby;Rhod;rrhod;Domain Admins
The_Fifth_Element;Jean Baptiste Emanuel;Zorg;jbezorg;Domain Admins
Game_Of_Thrones;John;Snow;jsnow;Domain Admins
Game_Of_Thrones;Arya;Stark;astark;Domain Admins
Game_Of_Thrones;Daenerys;Targaryen;dtargaryen;Domain Admins
Game_Of_Thrones;Jaime;Lannister;jlannister;Domain Admins
The_Lord_Of_The_Rings;Samsagace;Gamegie;sgamegie;Domain Admins
The_Lord_Of_The_Rings;Frodon;Sacquet;fsacquet;Domain Admins
The_Lord_Of_The_Rings;Meriadoc;Brandebouc;mbrandebouc;Domain Admins
The_Lord_Of_The_Rings;Peregrin;Touque;ptouque;Domain Admins
Neon_Genesis_Evangelion;Shinji;Ikari;sikari;Domain Admins
Neon_Genesis_Evangelion;Asuka;Soryu Langley;asoryu;Domain Admins
Neon_Genesis_Evangelion;Rei;Ayanami;aayanami;Domain Admins
Neon_Genesis_Evangelion;Misato;Katsuragi;mkatsuragi;Domain Admins
Back_To_The_Futur;Marty;McFly;mmcfly;Domain Admins
Back_To_The_Futur;Emmett;Brown;ebrown;Domain Admins
Back_To_The_Futur;Biff;Tannen;btannen;Domain Admins
Back_To_The_Futur;Clara;Clayton;cclayton;Domain Admins